headline,source,intro,date
What Signals Did the Bank of Japan's Release of Dollar Liquidity Send to the Global Financial Market?,Binance,The recent quietly initiated dollar liquidity supply measures by the Bank of Japan are drawing widespread attention to the deep pressures within the global...,1 day ago
"Bank of Japan may offer less gloomy view of US tariff hit in report, sources say",Reuters,"The Bank of Japan will warn of uncertainty over the impact of U.S. tariffs in a quarterly report due this month, but may offer a less gloomy view on the...",3 days ago
"Week Ahead: Japan Election, ECB Interest Rate Decision, Powell’s Speech",Markets.com,"The week begins with Japan's Upper House election on Sunday, July 20 (All Day), a major political test for PM Ishiba's coalition, which risks losing its...",5 days ago
Interest rates on Japanese and U.S. government bonds soared (bond prices plummeted) due to the fear,매일경제,Interest rates on Japanese and U.S. government bonds soared (bond prices plummeted) due to the fear of fiscal deficits and unstable trade and political...,6 days ago
Japan election could further hamper BOJ's drive to raise rates,Reuters,"Japan's central bank may face political pressure to keep interest rates low for longer than it wants, as opposition parties favouring tax cuts and loose...",1 week ago
"Japan's wholesale inflation slows, relieves interest rate-hike pressure",MSN,"By Leika Kihara TOKYO (Reuters) -Japan's annual wholesale inflation slowed in June for the third successive month, data from the Bank of Japan showed on...",1 week ago
"Japan's wholesale inflation slows, relieves interest rate-hike pressure",Reuters,"Japan's annual wholesale inflation slowed in June for the third successive month, data from the Bank of Japan showed on Thursday, backing up the central...",2 weeks ago
"Trump's tariffs strike heavily against Japan, and the Bank of Japan's interest rate hike seems unlikely in the near future?",富途牛牛,"ShigeruIshiba stated that negotiations with the U.S. will continue to seek a mutually beneficial trade agreement, but polls indicate that Japan's ruling...",2 weeks ago
Inflation rate and interest rate by country 2025,Statista,"In early 2025, Russia maintained the highest interest rate at 20 percent, while Japan retained the lowest at 0.5 percent.",3 weeks ago
BOJ policymaker calls for resuming rate hikes after temporary pause,Reuters,"The Bank of Japan should resume interest rate hikes following a temporary pause to evaluate the impact of U.S. tariffs, board member Hajime Takata said,...",3 weeks ago
Rising Japanese Government Bond Yields,TradingView,"IntroductionThe Japanese economy, long known for its extremely loose monetary policy, is finally moving toward normalization, a shift that is reshaping the...",3 weeks ago
"Bank of Japan board divided over rate pause and inflation risks, June summary shows",The Business Times,[TOKYO] Some Bank of Japan (BBOJ) policymakers called for keeping interest rates steady for the time being due to uncertainty over the impact of US tariffs...,4 weeks ago
BOJ may act to counter high prices despite uncertainty: board member,毎日新聞,"TOKYO (Kyodo) -- The Bank of Japan may further raise interest rates to counter the risk of elevated prices, despite the uncertainty created by U.S. ta.",4 weeks ago
Bank of Japan rate increase this year is more likely than not,Financial Times,"Since our May scenario, the Bank of Japan held the policy rate at the current level of 0.5 per cent at its most recent meeting in June.",4 weeks ago
Charting the Global Economy: Key Central Banks Hold on Rates,Bloomberg.com,"Central bankers in the US, UK and Japan held the line on interest rates this week as officials attempt to gauge the impact of tariffs, uncertainty about...",1 month ago
"Japan's core inflation hits two-year high, keeps rate-hike bets alive",The Edge Malaysia,"Japan's core inflation hit a more than two-year high in May and exceeded the central bank's 2% target for well over three years, keeping it under pressure to...",1 month ago
"Slow rate hikes could cause wage-price spiral, Bank of Japan paper says",The Business Times,"[TOKYO] Hiking interest rates only gradually as raw material costs rise could heighten the risk of an upward spiral in wages and consumer prices, the Bank...",1 month ago
Swiss National Bank cuts interest rate to zero as inflation slows,NHK,"Swiss National Bank cuts interest rate to zero as inflation slows ... Switzerland's central bank has cut its interest rate to zero, a move that reflects a steady...",1 month ago
Japan’s government bonds: this time it won’t end well,The Economist,"FOR YEARS Japan was a reassuring example for governments. Even as its net public debt peaked at 162% of GDP in 2020, it suffered no budget crisis.",1 month ago
"Bank of Japan's gloomy projections suggest no rate hike this year, ex-top economist says",The Edge Malaysia,"The Bank of Japan (BOJ) is likely to hold off raising interest rates this year unless a dramatic, positive turn of events in US tariffs allows it to overhaul...",1 month ago
"Bank of Japan's gloomy projections suggest no rate hike this year, ex-top economist says",The Edge Malaysia,"The Bank of Japan (BOJ) is likely to hold off raising interest rates this year unless a dramatic, positive turn of events in US tariffs allows it to overhaul...",1 month ago
Japan’s government bonds: this time it won’t end well,The Economist,"FOR YEARS Japan was a reassuring example for governments. Even as its net public debt peaked at 162% of GDP in 2020, it suffered no budget crisis.",1 month ago
Yen under pressure following BOJ decision,Economies.com,"The Bank of Japan voted to hold interest rates unchanged at 0.5% at this week's meeting, already the highest since 2008 as expected by most analysts.",1 month ago
Bank of Japan keeps key interest rate steady,Fibre2Fashion,The Bank of Japan kept its key interest rate unchanged today due to economic uncertainties arising out to US trade policy. It also unveiled plans to slow the...,1 month ago
BOJ to ease pace of bond-buying cuts amid trade uncertainties,Kyodo News Plus,"The Bank of Japan decided Tuesday to slow the pace of its government bond-buying reduction beyond next year while keeping interest rates unchanged,...",1 month ago
"Bank of Japan holds rates, will slow bond purchase taper",France 24,"The Bank of Japan kept interest rates unchanged Tuesday and said it would taper its purchase of government bonds at a slower pace, as trade uncertainty...",1 month ago
"Bank of Japan Stands Pat on Rates, Plans to Slow Bond-Buying Tapering After April 2026",The Wall Street Journal,The Bank of Japan decided to stick to its plan to reduce purchases of Japanese government bonds by 400 billion yen each quarter until March 2026.,1 month ago
Bank of Japan holds interest rate at 0.5%,Capital Brief,"The Bank of Japan has kept the cash rate steady at 0.5%, meeting market expectations, and announced it would slow the pace of its cutback on bond-buying after...",1 month ago
"Bank of Japan maintains interest rates, slows bond tapering plan for next year",The Globe and Mail,"In a widely expected move, Japan's central bank maintained short-term interest rates at 0.5 per cent.",1 month ago
BOJ to slow JGB purchase tapering as Ueda stresses 'market stability',Nikkei Asia,The Bank of Japan on Tuesday said it will slow down its tapering of government bond purchases and also announced that it will hold its key interest rate steady.,1 month ago
"Bank of Japan maintains interest rates, slows bond tapering plan for next year",The Globe and Mail,"In a widely expected move, Japan's central bank maintained short-term interest rates at 0.5 per cent.",1 month ago
BOJ to slow JGB purchase tapering as Ueda stresses 'market stability',Nikkei Asia,The Bank of Japan on Tuesday said it will slow down its tapering of government bond purchases and also announced that it will hold its key interest rate steady.,1 month ago
BOJ to slow pace of bond taper next year as fresh risks emerge,The Business Times,The Bank of Japan kept interest rates steady on Tuesday and decided to decelerate the pace of its balance sheet drawdown next year.,1 month ago
Investors react to BOJ decision to stand pat on interest rates,Reuters,"The Bank of Japan kept its interest rates steady on Tuesday and said it would slow the pace of reduction in its bond purchases next year, signalling a...",1 month ago
Yen slides ahead of Bank of Japan policy decision,France 24,"The yen fell against the dollar ahead of a Bank of Japan decision Tuesday, with officials expected to hold interest rates steady but tweak their bond...",1 month ago
Bank of Japan to consider slower bond taper as fresh global risks emerge,The Business Times,[TOKYO] The Bank of Japan (BOJ) will consider slowing reductions in its bond purchases next year under a quantitative tightening (QT) plan due on Tuesday...,1 month ago
BOJ to slow pace of tapering bond purchases; rate kept unchanged,朝日新聞,The Bank of Japan will slow the scaling back of its government bond purchases from the next fiscal year to deter upward pressure on long-term interest rates.,1 month ago
EUR/JPY holds position near 167.50 after BoJ interest rate decision,FXStreet,The currency pair holds ground after the Bank of Japan (BoJ) decided to keep the short-term interest rate target unchanged in the range of 0.4%- 0.5% in June.,1 month ago
南帝一灯大师(@jiuge1314)'s insights,Binance,Japan's interest rates remain unchanged Market technical patterns clearly indicate a correction Bitcoin shows weekly-level divergence adjustments Recent...,1 month ago
Yen Recovers Slightly After BoJ Interest Rate Decision,RTTNews,"The Japanese yen recovered slightly from recent lows against other major currencies in the Asian session on Tuesday, after the Bank of Japan decided to...",1 month ago
Bank of Japan keeps interest rates steady,RTE.ie,"In today's widely expected move, the Bank of Japan maintained short-term interest rates at 0.5% by a unanimous vote at its two-day policy meeting that ended...",1 month ago
Japanese Shares Rise As Bank Of Japan Holds Steady,Finimize,Nikkei 225 climbs with the Bank of Japan maintaining interest rates amid global uncertainties.,1 month ago
BoJ stands pat on interest rate; Tokyo and Washington fail to reach trade deal,MSN,"The Bank of Japan ((BoJ)) kept its key short-term interest rate unchanged at 0.5% during its June 2025 meeting, maintaining the highest level since 2008 and...",1 month ago
Bank of Japan to slow cuts to government bond purchases from April next year as growth risks loom,CNBC,"Japan's central bank on Tuesday said it would slow the cuts to government bond purchases from April next year, while it also held the benchmark rate at 0.5%...",1 month ago
Bank of Japan to weigh slowdown in bond buying cuts after volatility rises,The Business Times,[TOKYO] The Bank of Japan (BOJ) is set to consider whether to taper its bond purchases at a slower pace while also leaving its benchmark interest rate...,1 month ago
All three countries are expected to freeze their key interest rates on trade pressure and geopolitic..,매일경제,"According to the financial investment industry on the 16th, the Bank of Japan (BOJ) will hold a financial policy decision meeting on the 17th to determine...",1 month ago
USD/JPY steady as traders eye BoJ interest rate decision,FXStreet,The Japanese Yen (JPY) is treading water against the US Dollar (USD) on Monday as traders sit on the sidelines ahead of the Bank of Japan's (BoJ) policy...,1 month ago
Bank of Japan to slow exit from bond market purchases,Financial Times,Bank of Japan governor Kazuo Ueda said that tapering the central bank's bond purchases too quickly 'could have an unexpected impact on market stability',1 month ago
BOJ keeps rate target unchanged at around 0.5% | NHK WORLD-JAPAN News,NHK,The Bank of Japan has decided to keep its benchmark interest-rate unchanged. The central bank target of around 0.5 percent for short-term rates will remain in...,1 month ago
"BOJ leaves interest rates unchanged, to slow bond tapering from 2026",Investing.com,"The Bank of Japan left interest rates unchanged as widely expected on Tuesday, and stated that it will reduce the pace at which it is tapering its monthly bond...",1 month ago
"Economic Calendar for 16 - 20 June 2025 with Inflation, Trade, Interest Rates, and US Jobs Data",kaohoon international,"The following table is important global economic data from 16 – 20 June 2025 as traders and investors are keeping an eye on inflation, trade, interest rates,...",1 month ago
All three countries are expected to freeze their key interest rates on trade pressure and geopolitic..,매일경제,"According to the financial investment industry on the 16th, the Bank of Japan (BOJ) will hold a financial policy decision meeting on the 17th to determine...",1 month ago
Bank of Japan to slow exit from bond market purchases,Financial Times,Bank of Japan governor Kazuo Ueda said that tapering the central bank's bond purchases too quickly 'could have an unexpected impact on market stability',1 month ago
Japanese Yen Weekly Forecast: Will USD/JPY Break 140? BoJ and Fed Decisions Approach,FXEmpire,USD/JPY dipped 0.51% to 144.075 as Israel-Iran conflict triggered demand for safe-haven Japanese Yen. BoJ to decide on interest rates June 17;...,1 month ago
"Week Ahead: Interest Rate Decision from BoJ, Fed, SNB and BoE on Spotlight",Markets.com,"From Monday, 16 June to Wednesday, 18 June 2025, key data includes China's May unemployment rate (expected unchanged at 5.1%, 02:00 GMT) and a rebound in...",1 month ago
"Week ahead: BoJ, Fed and BoE interest rate decisions in sight",FXStreet,"In the shadow of Israel's attack on Iran and we are adding a comment for that at the end of the current report, we have a look at what's in next week's...",1 month ago
Japan’s Largest Companies 2025: Rare Interest Rate Hikes Lead To A Volatile Year For Japanese Firms On The Global 2000,Forbes,"Japan has 180 companies on this year's Forbes Global 2000 ranking of the world's largest public corporations, down slightly from 182 in 2024.",1 month ago
"BOJ to postpone rate hike to Q1 next year, tiny majority of economists say: Reuters poll",Reuters,"The Bank of Japan will forego another interest rate hike this year due to uncertainty over U.S. tariff policy, according to a slight majority of economists...",1 month ago
"BOJ set to keep policy rate unchanged, will gauge US tariff impact",毎日新聞,TOKYO (Kyodo) -- The Bank of Japan is expected to leave interest rates unchanged at its policy meeting next week as it gauges the impact of higher U.S.,1 month ago
Bank of Japan vows to keep raising rates if underlying inflation accelerates,The Business Times,[TOKYO] Bank of Japan (BOJ) governor Kazuo Ueda on Tuesday (Jun 10) stressed anew the central bank's readiness to keep raising interest rates if underlying...,1 month ago
US Treasury says Bank of Japan should continue to tighten policy,The Business Times,"[TOKYO] The Bank of Japan should continue to proceed with monetary tightening, which would support a “normalisation of the yen's weakness” and rebalancing...",1 month ago
US Treasury calls on BOJ to hike rates to correct yen weakness,The Edge Malaysia,"The US Treasury called on the Bank of Japan (BOJ) to raise interest rates to strengthen the yen, stepping much deeper into policy recommendations for Tokyo...",1 month ago
Yen Anticipated to Appreciate Against the U.S. Dollar by Year-End - News and Statistics,IndexBox,"The yen is projected to appreciate against the dollar by year-end, driven by interest rate dynamics between Japan and the U.S., and potential BOJ rate...",1 month ago
Any respite for Japan’s bonds is likely to be short-term,Financial Times,The writer is the Apac developed markets rates strategist at Société Générale. The attention of global investors is turning more to Japanese bond markets...,1 month ago
"America’s biggest lender closes its wallet. Investors, home buyers will feel it.",MarketWatch,Prepare for higher U.S. interest rates if Japan cuts its U.S. Treasury bond holdings. But there could be a silver lining.,1 month ago
BOJ braces for higher interest rates with provisions boost,Nikkei Asia,"The Bank of Japan has set aside the maximum provisions for losses on bond transactions, in a sign of how the central bank is preparing for rising interest...",1 month ago
Bank of Japan sets aside maximum provision of losses for bond transactions,The Business Times,"The moves come as the Japanese central bank faces mounting pressure to keep hiking borrowing costs, after it kept short-term interest rates steady in its...",1 month ago
Bank of Japan rate hike odds rise with strong inflationary pressures,ING Think,"Tokyo consumer price index (CPI) inflation stayed at 3.4% year-on-year in May, in line with market consensus. Yet core inflation, excluding fresh food,...",1 month ago
"Core inflation in Japan capital hits 2-year high, keeps rate hike chance alive",Reuters,"Core inflation in Japan's capital hit a more than two-year high on persistent rises in food costs, data showed on Friday, keeping the central bank under...",1 month ago
Fiscal Headaches Mount Despite End of Negative Interest Rates,nippon.com,"A year has passed since the March 2024 decision by the Bank of Japan to end its negative interest rate policy. As Japan returns to positive rate territory,...",1 month ago
Fiscal Headaches Mount Despite End of Negative Interest Rates,nippon.com,"A year has passed since the March 2024 decision by the Bank of Japan to end its negative interest rate policy. As Japan returns to positive rate territory,...",1 month ago
Japan's interest rate hike threatens to increase living costs for New Yorkers - CHOSUNBIZ,Chosunbiz,"In reality, major investors in the U.S. Government Bonds market, such as Japan and China, have been continuously reducing their holdings since 2008. The...",1 month ago
"Core inflation in Japan capital hits 3.6%, keeps BOJ rate-hike chance alive",WKZO,"By Leika Kihara TOKYO (Reuters) -Core inflation in Japan's capital hit 3.6% in the year to May, data showed on Friday, marking a more than two-year high in...",1 month ago
"Japan’s Debt, Now Twice the Size of Its Economy, Forces Hard Choices",The New York Times,Japan's government faces pressure to curtail debt-fueled spending that some argue has staved off populist waves.,1 month ago
"Kazuo Ueda, president of the Bank of Japan (BOJ), said on the 27th, ""Japan's inflation rate is curre..",매일경제,"Kazuo Ueda, president of the Bank of Japan (BOJ), said on the 27th, ""Japan's inflation rate is currently 1.5 to 2.0%, the highest level in the past 30 years...",1 month ago
Week Ahead: Australia CPI and RBNZ Interest Rate Decision in Spotlight,Markets.com,"On Wednesday, 28 May, Australia's CPI (01:30 GMT) is expected to ease to 2.1%, reflecting cooling demand, while the RBNZ (02:00 GMT) may cut rates to 3.25% due...",24 May 2025
"Japan’s core inflation heats up, increasing July rate hike odds",ING Think,"Japan's headline consumer price index (CPI) remained at 3.6% for the second consecutive month, but core inflation, which excludes fresh food,...",23 May 2025
Bank of Japan policymaker rules out intervention to stem bond yield spike,The Business Times,"The central bank must pause its rate hikes for the time being until there is more clarity on the impact of US tariffs, he adds. play icon.",22 May 2025
Japan and U.S. reaffirm commitment to letting markets set currency rates,The Japan Times,Finance Minister Katsunobu Kato and U.S. Treasury Secretary Scott Bessent have made a point of not discussing a target yen-dollar rate.,22 May 2025
"Bank of Japan’s Rate-Hike Window Narrowing, Ex-Board Member Says",MSN,"If the Bank of Japan wants to raise interest rates further, it will likely need to do so this year before the window of opportunity closes, a former board...",21 May 2025
Japan and U.S. reaffirm commitment to letting markets set currency rates,The Japan Times,Finance Minister Katsunobu Kato and U.S. Treasury Secretary Scott Bessent have made a point of not discussing a target yen-dollar rate.,22 May 2025
"Bank of Japan’s Rate-Hike Window Narrowing, Ex-Board Member Says",The Wall Street Journal,"If the Bank of Japan wants to raise interest rates further, it will likely need to do so this year before the window of opportunity closes, says Sayuri Shirai.",21 May 2025
The interest rate on Japan's long-term government bonds is soaring to an all-time high. Ahead of the..,매일경제,"Interest rates on 20-year government bonds in the Japanese bond market once rose to 2.58 percent per annum, the highest in 25 years since October 2000.",21 May 2025
Project Finance Laws and Regulations Report 2025 Japan,ICLG.com,"This article dives into project finance laws in Japan, discussing security, bankruptcy and restructuring, force majeure, jurisdiction, waiver of immunity...",20 May 2025
Bank of Japan on hold until tariff and trade outlook becomes clearer,Financial Times,"The Bank of Japan held a policy meeting at the start of May, which showed little urgency to raise interest rates from their current level of 0.5 per cent.",20 May 2025
Bank of Japan to raise rates if inflation target remains on track,Profit by Pakistan Today,Bank of Japan Deputy Governor Shinichi Uchida said the central bank will continue raising interest rates if the economy recovers from expected setbacks.,19 May 2025
Japan’s Debt Dilemma: PM Shigeru Ishiba Says Nation’s Finances Worse Than Greece’s - History Repeats?,ET Now,"History Repeats? This isn't the first time Japan has sounded alarm bells. Back in 2010, then-Prime Minister Naoto Kan warned that Japan's finances could...",19 May 2025
Bank of Japan may hike rates if inflation nears 2%: official,Tech in Asia,The central bank may raise interest rates if economic growth increases and inflation approaches the 2% target.,19 May 2025
Japan's 3 megabanks report record net profit for fiscal 2024 | Nippon TV NEWS 24 JAPAN,日本テレビ,Japan's three megabanks each reported a record net profit for fiscal 2024 that ended in March this year as their core banking business performed well.,16 May 2025
Dovish Bank of Japan policymaker urges pause in rate hikes on US tariff uncertainty,The Business Times,"[TOKYO] The Bank of Japan must hold off raising interest rates for the time being, its board member Toyoaki Nakamura said on Friday, warning of growing...",16 May 2025
Sumitomo Mitsui braces for tariff fallout with more buffers,The Japan Times,Japan's second-largest lender expects net income to climb about 10% to ¥1.3 trillion in the year that started in April.,15 May 2025
"Interest-rate differentials, flows to Japan show dollar still looks vulnerable",MarketWatch,"A report from Apollo's chief economist, Torsten Slok argues that interest-rate differentials in favor of the dollar against the euro should really be driving...",15 May 2025
Bank of Japan rate-hike odds rebound on US-China tariff progress,Nikkei Asia,TOKYO -- The recent agreement by the U.S. and China to slash tariffs has revived speculation about the Bank of Japan raising interest rates past 0.5%,14 May 2025
"Bank of Japan upbeat on wages despite US tariffs, sees scope to resume rate hikes",The Business Times,"It will continue to raise interest rates if the economy and prices improve after a period of stagnation, the bank's deputy governor says. play icon.",13 May 2025
Bank of Japan Maintains Stance on Rate Hike Due to Wage and Price Pressures,bloomingbit,The Bank of Japan (BOJ) announced on the 13th (local time) that it will maintain its stance on raising interest rates as Japan's wages and prices are expected...,13 May 2025
Japan's top banks set to report record profits but face tariff stress test,Nikkei Asia,"TOKYO -- Japan's top three banks are set to report combined net profit of roughly 3.9 trillion yen ($26.3 billion) for the year ended March, a 25% gai.",13 May 2025
"The Bank of Japan's interest rate hike path encounters obstacles, and U.S. tariff policies remain the biggest hindrance",longportapp.com,"Members of the Bank of Japan's Policy Board expressed their intention to further raise interest rates, but cautioned about the impact of US tariff policies on...",12 May 2025
Charted: Real Interest Rates by Country in 2025,Visual Capitalist,"This infographic shows real interest rates for 16 major economies in 2025, highlighting the current state of monetary policies.",6 May 2025
Bank of Japan sees window for rate hikes narrowing but not closed yet,The Business Times,"[TOKYO] The Bank of Japan's (BOJ's) rate-hike cycle is facing its biggest test since Governor Kazuo Ueda took the helm two years ago, with US President...",5 May 2025
BOJ halves GDP growth estimate under shadow of Trump’s tariffs,朝日新聞,The Bank of Japan slashed its growth projection for the country by half and kept interest rates unchanged as the economy faces growing uncertainties from US...,1 May 2025
BOJ governor keeps rate hike in play but stresses 'high uncertainty',Nikkei Asia,TOKYO -- Bank of Japan Gov. Kazuo Ueda on Thursday signaled that the central bank is still on a path to raise rates despite extreme uncertainty from U.,1 May 2025
Yen Slides as Bank of Japan Pours Cold Water on Rate Hikes,Bloomberg,"The yen fell sharply against the dollar after the Bank of Japan said it will take longer than it previously thought to hit the inflation target,...",1 May 2025
Bank of Japan Pushes Back Inflation Target Due to Trade War,Bloomberg.com,Governor Kazuo Ueda's board voted unanimously to maintain the central bank's policy rate at 0.5% at the end of the two-day gathering.,1 May 2025
Bank of Japan cuts growth forecasts on US tariff hit,RTE.ie,"The Bank of Japan kept interest rates steady and sharply cut its growth forecasts today, suggesting uncertainty surrounding US tariffs and the hit to exports...",1 May 2025
Yen declines against the dollar after the Bank of Japan holds interest rates and reduces growth forecasts,المتداول العربي,Yen declines against the dollar after the Bank of Japan holds interest rates and reduces growth forecasts ... Global markets today witnessed a significant decline...,1 May 2025
"BOJ Keeps Key Interest Rate at 0.5% over U.S. Tariff Uncertainty; Lowers Growth Forecasts, Inflation Rate Projections",The Japan News,The Bank of Japan decided to keep its benchmark short-term interest rate at around 0.5% at a monetary policy meeting on Thursday.,1 May 2025
Bank of Japan maintains interest rate at 0.5% amid economic uncertainties - CHOSUNBIZ,Chosunbiz,"Bank of Japan maintains interest rate at 0.5% amid economic uncertainties ... The Bank of Japan, Japan's Central Bank, on the 1st froze the benchmark interest...",1 May 2025
Bank of Japan slashes growth forecasts on tariff fears,Financial Times,Central bank holds interest rates at 0.5% but highlights 'extreme uncertainty' around trade.,30 Apr 2025
BoJ Governor Ueda sheds light on policy path after maintaining interest rate,FXStreet,Bank of Japan (BoJ) Governor Kazuo Ueda is addressing a press conference to explain the reasons behind holding the key interest rate at 0.50% on Thursday.,30 Apr 2025
Trump’s ‘Unprecedented’ Tariffs Lead Japan to Slash Its Growth Forecast,The New York Times,"The Bank of Japan predicted growth of just 0.5 percent, cutting its previous forecast in half, and decided against another hike in interest rates.",30 Apr 2025
Bank of Japan slashes growth forecasts on tariff fears,Financial Times,Central bank holds interest rates at 0.5% but highlights 'extreme uncertainty' around trade.,30 Apr 2025
BoJ Governor Ueda sheds light on policy path after maintaining interest rate,FXStreet,Bank of Japan (BoJ) Governor Kazuo Ueda is addressing a press conference to explain the reasons behind holding the key interest rate at 0.50% on Thursday.,30 Apr 2025
Bank of Japan to hit pause on rate-hike path as economic risks mount,The Business Times,"[TOKYO] The Bank of Japan (BOJ) is widely expected to signal a pause in policy normalisation this week as US tariffs heighten global uncertainty,...",28 Apr 2025
BOJ to Hit Pause on Rate-Hike Path as Economic Risks Mount,Bloomberg,The Bank of Japan is widely expected to signal a pause in policy normalization this week as US tariffs heighten global uncertainty.,27 Apr 2025
"BOJ to keep policy rate unchanged, revise growth forecast downward",Nikkei Asia,"TOKYO -- The Bank of Japan is expected to keep the policy interest rate at 0.5% at monetary policy meetings this week, as an unpredictable trade polic.",27 Apr 2025
"ANALYSIS-Yen, BOJ's rate policy may remain focus in Japan-US trade talks",朝日新聞,A closer look at officials' descriptions of the meeting suggests currencies and the Bank of Japan's interest rate policy may remain key factors in broader...,26 Apr 2025
Yen and BOJ's rate policy may remain focus in Japan-U.S. trade talks,The Japan Times,A closer look at officials' descriptions of the meeting suggests currencies and the Bank of Japan's interest rate policy may remain key factors in broader...,26 Apr 2025
Japan: Inflation rate from 1980 to 2030,Statista,"In 2024, Japan had an average inflation rate estimated at 2.74 percent, marking the highest rate of inflation in Japan in almost a decade.",25 Apr 2025
Bank of Japan normalisation will be slowed by US trade shock,Financial Times,"Although inflation and wages continue to support further interest rate rises in Japan, we think the country's central bank will delay normalisation as it...",24 Apr 2025
BOJ Watchers Expect Delay in Rate Hikes With Lower Terminal Rate,Bloomberg.com,Bank of Japan watchers forecast a delay in interest-rate hikes and a lower level at the end of the cycle after US President Donald Trump's tariff measures...,23 Apr 2025
"The U.S. Donald Trump administration's back-and-forth tariff policy is hectic, but there is somethin..",매일경제,"The US Donald Trump administration's back-and-forth tariff policy is hectic, but there is something to pay attention to, not to miss. It is Japan's interest...",18 Apr 2025
Bank of Japan Holds Rates at 0.5% amid Global Uncertainty,IR Insider,"The Bank of Japan (BOJ) held its short-term interest rate at 0.5% in its March 19 meeting. The decision was widely expected, reflecting the central bank's...",17 Apr 2025
Hedge funds and asset managers boost bullish yen bets amid tariffs,The Japan Times,Yen optimism is spreading among hedge funds and asset managers as US tariffs drive haven demand at a time when traders are reassessing the Bank of Japan's...,14 Apr 2025
"BOJ May Mull Halting Rate Hikes If Yen Nears 130, Goldman Says",Bloomberg,"The Bank of Japan may consider pausing its interest-rate hikes if the yen strengthens toward 130 per US dollar and its outlook for sustained inflation dims,...",13 Apr 2025
"Japan household inflation expectations rise, keep BOJ rate hike view alive",CNA,"TOKYO: Japanese households' inflation expectations heightened in the three months to March, a Bank of Japan survey showed on Friday (Apr 11),...",11 Apr 2025
Scott Bessent Brushes Off Stronger Yen Ahead of Trade Talks With Japan,Bloomberg.com,"US Treasury Secretary Scott Bessent suggested he's not concerned about the yen's recent appreciation against the dollar, a sign that past interventions to...",9 Apr 2025
Japan DPP Leader Floats BOJ Rate Cut If Tariffs Throttle Economy,Bloomberg,"The leader of a key opposition party in Japan said the central bank may have to reverse course on policy, not only putting aside any notions of hiking interest...",8 Apr 2025
"Asia week ahead: Inflation for China and Taiwan, plus key data on Japan and Korea, and interest rate decision for Philippines",ING Think,China's deflation challenge is the main event as Beijing releases both consumer price and producer price indices. Taiwan's inflation rate is expected to...,3 Apr 2025
Analyzing Impacts of Zero Interest Rates With New Economic Models,上智大学,"Matthias Schlegl in the Faculty of Economics, applies new macroeconomic models to study economic dynamics with zero interest rates.",3 Apr 2025
Japanese investors mull impact of interest rate hikes,Private Equity Real Estate | PERE,"In January, the Bank of Japan (BoJ) raised its key interest rate to around 0.5 percent, the highest level in 17 years. The hike is the latest in a series of...",1 Apr 2025
"BOJ will likely put rate hike aside for now, ex-official says",The Japan Times,The Bank of Japan will probably leave aside raising interest rates for now due to uncertainties stemming from U.S. tariff measures that could deal a blow to...,15 Apr 2025
Hedge funds and asset managers boost bullish yen bets amid tariffs,The Japan Times,Yen optimism is spreading among hedge funds and asset managers as US tariffs drive haven demand at a time when traders are reassessing the Bank of Japan's...,14 Apr 2025
"BOJ May Mull Halting Rate Hikes If Yen Nears 130, Goldman Says",Bloomberg,"The Bank of Japan may consider pausing its interest-rate hikes if the yen strengthens toward 130 per US dollar and its outlook for sustained inflation dims,...",13 Apr 2025
"Japan household inflation expectations rise, keep BOJ rate hike view alive",CNA,"TOKYO: Japanese households' inflation expectations heightened in the three months to March, a Bank of Japan survey showed on Friday (Apr 11),...",11 Apr 2025
Trump tariff talks may pressure BOJ to hike rates,Nikkei Asia,"TOKYO -- Planned talks between Japan and the U.S. about the ""reciprocal tariffs"" that have roiled markets could end up putting pressure on the Bank of.",9 Apr 2025
Scott Bessent Brushes Off Stronger Yen Ahead of Trade Talks With Japan,Bloomberg.com,"US Treasury Secretary Scott Bessent suggested he's not concerned about the yen's recent appreciation against the dollar, a sign that past interventions to...",9 Apr 2025
"Inflation, yields and portfolios in Japan: Adapting to changes",World Gold Council,"After a sizable rise in 2024, the 10-year Japanese government bond (JGB) yield has climbed further in 2025 to date.",9 Apr 2025
"Asia week ahead: Inflation for China and Taiwan, plus key data on Japan and Korea, and interest rate decision for Philippines",ING Think,China's deflation challenge is the main event as Beijing releases both consumer price and producer price indices. Taiwan's inflation rate is expected to...,3 Apr 2025
Analyzing Impacts of Zero Interest Rates With New Economic Models,上智大学,"Matthias Schlegl in the Faculty of Economics, applies new macroeconomic models to study economic dynamics with zero interest rates.",3 Apr 2025
Japanese investors mull impact of interest rate hikes,Private Equity Real Estate | PERE,"In January, the Bank of Japan (BoJ) raised its key interest rate to around 0.5 percent, the highest level in 17 years. The hike is the latest in a series of...",1 Apr 2025
"Japan core inflation rose 3% in February, bolstering expectations of interest rate hikes",NBC4 Washington,"Japan's core inflation beat expectations and came in at 3% in February, government data showed on Friday, bolstering the case for further interest rate...",20 Mar 2025
The world’s lowest interest rate no longer belongs to Japan,MarketWatch,Referenced Symbols ... The world's lowest interest rate is no longer in Japan but Switzerland after the Swiss National Bank cut rates by a quarter-point on...,20 Mar 2025
"Bank of Japan has to be careful in choosing when to raise interest rates, says professor","YouTube
 · CNBC International Live","Sayuri Shirai, professor at Keio University and former board member at the Bank of Japan, discusses the outlook for the central bank's monetary policy amid...",19 Mar 2025
Bank Of Japan Keeps Interest Rate Steady At 0.5%,Republic World,"The Bank of Japan or BOJ has decided to keep interest rates steady in an official announcement on Wednesday, as policymakers are spending more time deciding how...",19 Mar 2025
Wall Street pulls FTSE higher as Fed expected to leave interest rates unchanged,Yahoo.co,BoJ governor said that 'uncertainty remains high' over as the central bank held interest rates.,19 Mar 2025
"Bank of Japan Leaves Interest Rates Unchanged at 0.5 Percent; Impact of U.S. Tariffs, January Rate Hike Should be Assessed",The Japan News,"At the previous Monetary Policy Meeting in January, the BOJ decided to raise the short-term interest rate guidance target to about 0.5% from about 0.25%. If the...",19 Mar 2025
BoJ unanimously holds interest rates steady as Trump trade war forces caution,Investment Week,"The Bank of Japan held interest rates steady at 0.5%, opting for caution amid rising geopolitical tensions stemming from the US.",19 Mar 2025
"BOJ keeps interest rates steady, warns of Trump tariff risks",CNA,"The Bank of Japan kept interest rates steady on Wednesday and warned of heightening global economic uncertainty, suggesting the timing of further rate hikes...",19 Mar 2025
"Japan’s on course for July rate hike, but risk of June increases",Oxford Economics,"The Bank of Japan (BoJ) kept its policy rate at 0.50% at Wednesday's meeting, as expected. Despite a marginally higher increase in pay than last year at the...",19 Mar 2025
Foreign visitors have been driving Japan’s economy. A stronger yen could reverse that trend,CNBC,"Inbound tourism contributed half of Japan's full-year GDP growth rate of 1.5% in 2023, and 0.4 percentage points to Japan's 0.1% annual GDP growth last year...",19 Mar 2025
"Japan’s on course for July rate hike, but risk of June increases",Oxford Economics,"The Bank of Japan (BoJ) kept its policy rate at 0.50% at Wednesday's meeting, as expected. Despite a marginally higher increase in pay than last year at the...",19 Mar 2025
Foreign visitors have been driving Japan’s economy. A stronger yen could reverse that trend,CNBC,"Inbound tourism contributed half of Japan's full-year GDP growth rate of 1.5% in 2023, and 0.4 percentage points to Japan's 0.1% annual GDP growth last year...",19 Mar 2025
BoJ Governor Ueda addresses press conference after holding interest rate,FXStreet,Bank of Japan (BoJ) Governor Kazuo Ueda explained the reasons behind maintaining the key interest rate at 0.50% during the March meeting in his press...,19 Mar 2025
Bank of Japan maintains 0.5% interest rate amid trade uncertainties - CHOSUNBIZ,Chosunbiz,"However, since the Bank of Japan has expressed its intention to raise rates again if the economy and prices move within the expected range, it is reported that...",19 Mar 2025
Bitcoin Price Little Changed as Bank of Japan Keeps Interest Rate Steady,CoinDesk,"The bitcoin (BTC) price showed little reaction after the Bank of Japan (BOJ) held its benchmark interest rate unchanged at 0.5% on Wednesday, a decision that...",19 Mar 2025
"Bank of Japan keeps interest rates steady, warns of Trump tariff risks",The Globe and Mail,"Bank of Japan keeps interest rates steady, warns of Trump tariff risks ... The Bank of Japan kept interest rates steady on Wednesday and warned of heightening...",19 Mar 2025
Asia-Pacific markets mixed following losses on Wall Street; Gold prices hit fresh record high,CNBC,"Asia-Pacific markets traded mixed on Wednesday, following declines on Wall Street after a sell-off in technology stocks picked up pace.",19 Mar 2025
"Japan's BoJ leaves key interest rate unchanged, cautions about outlook",Fibre2Fashion,"The Bank of Japan left its key interest rate unchanged today, cautioning about the economic outlook amid global uncertainty fuelled by the US tariff war.",19 Mar 2025
Trump tariff uncertainty pushes Bank of Japan to hold interest rates,Financial Times,"The unanimous decision, which came at the conclusion of a two-day meeting of the Japanese central bank's policy board, left the short-term policy rate at about...",19 Mar 2025
Bitcoin Price Steady on Bank of Japan Interest Rate Decision as Fed Speech Looms,Decrypt,Bitcoin price steady on Bank of Japan interest rate decision as Fed speech looms. News News News AI AI AI Learn Learn Learn Gaming Gaming Gaming,19 Mar 2025
BOJ expected to hold interest rates steady at next meeting,Nikkei Asia,"TOKYO -- The Bank of Japan will likely keep its policy interest rate at 0.5% when the policy board meets on Tuesday and Wednesday, Nikkei has learned,...",16 Mar 2025
"The Week Ahead: Fed, BoE rate decisions; Micron results",CMC Markets,"The coming week will be dominated by central banks, with rate-setting meetings due to take place in Japan, the US and the UK, among others.",16 Mar 2025
"The Bank of Japan, which raised its key interest rate in January, is likely to freeze it at its Marc..",매일경제,The Bank of Japan will freeze the policy base rate to 0.5% of the current level at the financial policy-making meeting to be held from the 18th to the 19th.,16 Mar 2025
Market minute: Rates in Europe and Japan signaling a stronger euro and yen,The Real Economy Blog,Euro area government bond yields have increased by 51 basis points since the start of the year. This rise is because of global policy changes.,13 Mar 2025
"Households to benefit from Bank of Japan rate hikes, Mizuho says",TradingView,The Bank of Japan's interest rate hikes are expected to yield net benefits for households as the increased interest from their deposits would offset the burden...,13 Mar 2025
BOJ Watchers See Gradual Rate Hikes With Higher Terminal Rate,Bloomberg,"Bank of Japan watchers still expect the pace of interest rate hikes to be gradual, although they now see rates rising to a higher level in the current cycle.",11 Mar 2025
"Japan revises fourth-quarter GDP lower, complicating BOJ's interest rate outlook",CNBC,"Japan's economy grew 2.2% on an annualized basis in the fourth quarter, a slower pace than initially reported, complicating the central bank's case for a near-...",10 Mar 2025
"Japan's 10-year bond yield hits 16-year high amid weak auction, rate-hike bets",Mint,"JAPAN-BONDS/:Japan's 10-year bond yield hits 16-year high amid weak auction, rate-hike bets.",10 Mar 2025
Japan: Economic Update – 2024 in review and prospects for 2025,Interest.co.nz,"MFAT reports on our mixed trade relationship with Japan, the world's fourth largest economy, and one that is recovering at a moderate pace.",8 Mar 2025
The BOJ Is Too Dovish on Its Interest Rate Policy,The Japan News,The expectation that even if prices rise they will eventually come back down is also reflected in the Bank of Japan's monetary policy. Although inflation has...,7 Mar 2025
Japan: Economic Update – 2024 in review and prospects for 2025,Interest.co.nz,"MFAT reports on our mixed trade relationship with Japan, the world's fourth largest economy, and one that is recovering at a moderate pace.",8 Mar 2025
The BOJ Is Too Dovish on Its Interest Rate Policy,The Japan News,The expectation that even if prices rise they will eventually come back down is also reflected in the Bank of Japan's monetary policy. Although inflation has...,7 Mar 2025
"Yield on 10-yr Japan gov't bond hits 1.515%, highest since June 2009",Kyodo News Plus,"The yield on the benchmark 10-year Japanese government bond hits 1.515 percent, its highest level since June 2009, amid speculation the Bank of Japan will...",6 Mar 2025
Odds of early rate rise increase as inflation becomes the fight in Japan,The Japan Times,"Sticky inflation might convince the Bank of Japan to lean hawkish and increase rates earlier than expected. “An important factor is food inflation,” said...",28 Feb 2025
Bank of Japan will raise rates twice more in 2025,Financial Times,The “virtuous cycle” between price and wage increases looks to be well under way in Japan. Given strong recent inflation and wage data and continued yen...,27 Feb 2025
Will China’s economy follow the same path as Japan’s?,Bruegel,"Since the 2021 bursting of its real-estate bubble, worries have grown that China's future economic trajectory will mirror that of Japan in the 1990s.",27 Feb 2025
What the return of interest rates means for Japan,Nikko Asset Management,"We assess the impact the return of interest rates could have on the country's households, firms and government.",26 Feb 2025
Top Japan Finance Official Says No Issue With Market View on BOJ,Bloomberg,"Japan's top currency official on Wednesday indicated he had no issue with growing market expectations over Bank of Japan interest-rate hikes, which this...",26 Feb 2025
Japanese Banks Raising Savings Account Interest Rates; Financial Institutions Seek New Ways to Lure Clients,The Japan News,Japanese banks are now raising the interest rates on their savings accounts in an increasingly heated competition for business.,23 Feb 2025
Yen Strengthens Against the Dollar as U.S. Economic Concerns Weigh on Markets; Interest Rate Cut Expectations Drive Investors to Sell Dollars and Buy Yen,The Japan News,NEW YORK — The New York market saw a stronger yen and declining stock prices on Friday due to concerns over the future of the U.S. economy.,22 Feb 2025
Investors eye Japan bank stocks amid expectations of BOJ rate hike,Mettis Global,Japanese bank shares have become highly popular with investors betting on rising Bank of Japan interest rates as uncertainty over the central bank's plans.,20 Feb 2025
Japan's long rates hit 15-year high as domestic inflation kicks in,Nikkei Asia,"Interest rates in Japan are climbing, reaching a roughly 15-year high on Tuesday, as rising inflation heightens expectations for another rate hike by the Bank...",19 Feb 2025
"This Week: Bank of Japan interest rate decision, USDJPY in focus",Alpari,"USDJPY is forecasted to be the most volatile major FX pair this week, with 153.2 – 158.7 forecasted to be the likeliest trading range.",19 Feb 2025
"Japan's inflation hits 4.2%, rising for 5th consecutive month, pushing BOJ to raise interest rates",วารสารการเงินธนาคาร,"Japan's inflation hits 4.2%, rising for 5th consecutive month, pushing BOJ to raise interest rates ... On February 13, 2568, Reuters news agency reported that...",13 Feb 2025
BoJ Eyes Rate Hike As 2025 Unfolds,Finimize,"Japan is gearing up for a possible interest rate hike later in 2025, as the Bank of Japan (BoJ) assesses economic forecasts and wage discussions.",13 Feb 2025
Japan's government debt climbs to record ¥1.32 quadrillion,The Japan Times,"The combined balance of Japanese government bonds, borrowings and financing bills swelled by ¥7.2 trillion from the end of September 2024.",10 Feb 2025
Japan’s borrowing costs soar to 14-year high,Financial Times,"Japan's borrowing costs have soared to a 14-year high as rising interest rates, sustained inflation and a potential wave of wage increases this spring fuel a...",8 Feb 2025
Yen’s weekly surge underscores growing case for a hawkish BOJ,The Japan Times,The yen is on track for its fourth straight weekly gain against the dollar as spending data on Friday added to signs that the Bank of Japan will raise interest...,7 Feb 2025
Yen Hits 8-week High Anticipating BOJ’s Interest Rate Hike Policy,The Japan News,"The yen strengthened as far as 151.81 per dollar – the strongest level since December 12 — in the Tokyo morning, after the BOJ's Naoki Tamura said the central...",7 Feb 2025
VOX POPULI: Adjusting to the new normal: A world with interest rates,朝日新聞,Will the future be bright or dim for the “world with interest rates” that is said to be taking shape now? After scrapping its negative interest rate policy...,7 Feb 2025
How Negative Interest Rates Work,Investopedia,"The idea of negative interest rates may seem counterintuitive, if not downright crazy. In a world where lenders make money by charging their customers...",3 Feb 2025
More rate hikes discussed at BOJ meeting after increase to 17-yr high,Kyodo News Plus,"The need for further interest rate hikes was discussed at the most recent Bank of Japan monetary policy meeting, with a board member pointing to the...",3 Feb 2025
Monetary Policy Adjustment in Japan: Bank of Japan Raises Interest Rates to 17-Year High Amid Inflation Pressures,Modern Ghana,"The Bank of Japan (BOJ) raised its short-term policy rate to approximately 0.5%, marking its highest level in 17 years, since the 2008 global financial crisis.",1 Feb 2025
Bank of Japan could face capital losses if interest rate rise to 1%: Nomura,"YouTube
 · CNBC International Live",Nomura's Rob Subbaraman discusses expectations of Bank of Japan's rate hike path including two major risks if the central bank hikes too fast or too far.,31 Jan 2025
"Japan’s Underlying Inflation Still Slightly Below Target, BOJ Governor Says",The Wall Street Journal,Ueda reaffirmed that the central bank will keep raising interest rates if the economy and prices develop in line with its outlook.,31 Jan 2025
Sumitomo Mitsui profit beats estimates as rate hikes bolster earnings,The Japan Times,"Sumitomo Mitsui Financial Group's profit rose more than analysts estimated in the fiscal third quarter, as the Bank of Japan's interest rate hikes put it on...",30 Jan 2025
Japan’s government interest costs to swell more than 50% in next few years,The Business Times,"JAPAN'S annual interest payments on government debt could surge more than 50 per cent over the next few years, government estimates showed on Thursday (Jan...",30 Jan 2025
Japan sees debt-service costs jumping 25% by 2028 as BOJ hikes,The Japan Times,The latest projection underscores the growing financial strain Japan will likely face amid anticipated additional rate hikes by the central bank.,30 Jan 2025
Could the Bank of Japan Continue to Tighten in 2025? | Presented by CME Group,"YouTube
 · Bloomberg Television","A sequence of rate hikes, beginning in March 2024, has lifted Japan's key interest rate to its highest level since 2008, and ended the eight years of...",29 Jan 2025
BoJ Interest Rate Hikes Should Not Disrupt Economic Recovery,JAPAN Forward,"BoJ has raised interest rates to their highest level in 17 years. Hopefully, the bank's implementation of policies will be detailed and prudent.",29 Jan 2025
Japan’s government interest costs to swell more than 50% in next few years,The Business Times,"JAPAN'S annual interest payments on government debt could surge more than 50 per cent over the next few years, government estimates showed on Thursday (Jan...",30 Jan 2025
Japan sees debt-service costs jumping 25% by 2028 as BOJ hikes,The Japan Times,The latest projection underscores the growing financial strain Japan will likely face amid anticipated additional rate hikes by the central bank.,30 Jan 2025
Could the Bank of Japan Continue to Tighten in 2025? | Presented by CME Group,"YouTube
 · Bloomberg Television","A sequence of rate hikes, beginning in March 2024, has lifted Japan's key interest rate to its highest level since 2008, and ended the eight years of...",29 Jan 2025
Japan begins feeling the pain of BOJ rate hikes more concretely,The Japan Times,"Japan is feeling the impact from higher interest rates on a more personal level, according to an analysis of social media activity.",29 Jan 2025
BoJ Interest Rate Hikes Should Not Disrupt Economic Recovery,JAPAN Forward,"BoJ has raised interest rates to their highest level in 17 years. Hopefully, the bank's implementation of policies will be detailed and prudent.",29 Jan 2025
The Bank of Japan’s communication challenges,The Japan Times,"Despite limited developments that would justify a policy shift since December, Japan's central bank nevertheless went ahead to raise interest rates.",28 Jan 2025
Bank of Japan raises interest rates to 0.5%,Portfolio Adviser,"Bank of Japan raises interest rates to 0.5% ... Cherry blossoms at Chidorigafuchi park in Tokyo, Japan. ... The Bank of Japan (BoJ) has hiked interest rates to 0.5%...",27 Jan 2025
Japan ready to join ‘global club of normalised monetary policy’,Fund Selector Asia,"The Bank of Japan hiked interest rates to their highest level in 17 years on Friday, but investors reckon the outlook for equities is benign.",27 Jan 2025
Japan Raises Interest Rates To 17-Year High – Reactions,Wealth Briefing,"The Bank of Japan (BoJ) increased short-term interest rates to 0.5 per cent, elevating its policy rate to the highest level since 2008.",27 Jan 2025
Bank of Japan Raises Key Interest Rate to 0.5% | Governor Ueda's Economic Outlook | News9,"YouTube
 · NEWS9 Live","The Bank of Japan has raised its key interest rate to 0.5% from 0.25%. Bank of Japan Governor Kazuo Ueda, speaking after a two-day policy meeting,...",27 Jan 2025
"Bank of Japan hikes interest rate to 17-year high, boosts yen",The News International,"Bank of Japan hikes interest rate to 17-year high, boosts yen ... TOKYO: The Bank of Japan increased interest rates on Friday to their highest in 17 years and...",25 Jan 2025
Central bank appears poised to break through 0.5% rate barrier this year,The Japan Times,"The Bank of Japan is on course to raise rates past the 0.5% barrier, unbroken for almost 30 years, if policymakers become confident that the country will...",25 Jan 2025
Market Talk: BOJ's rate hike allows them to cut in the future | REUTERS,"YouTube
 · Reuters",The Bank of Japan raised interest rates but the CEBR's Vicky Pryce told Reuters that the hike was partly to create space to cut them in the future #News...,24 Jan 2025
Japan hikes interest rates to 17-year high | East Asia Tonight (Jan 24),"YouTube
 · CNA","Also on East Asia Tonight, China emphasises no winners in trade war as Trump says would 'rather not' impose tariffs; Japan PM Shigeru Ishiba stresses...",24 Jan 2025
"There's still room for the Bank of Japan to hike rates, says strategist","YouTube
 · CNBC International Live","Masahiko Loo, senior fixed income strategist at State Street Global Advisors, says there could be an interest rate hike in September.",24 Jan 2025
Economist on Bank of Japan raising interest rates to highest in 17 years,"YouTube
 · CNA",The Bank of Japan (BOJ) raised interest rates on Friday (Jan 24) to their highest since the 2008 global financial crisis and revised up its inflation...,24 Jan 2025
BOJ raises interest rates to highest in 17 years | REUTERS,"YouTube
 · Reuters",The Bank of Japan raised interest rates to their highest since the 2008 global financial crisis and revised up its inflation forecasts underscoring its...,24 Jan 2025
Monetary policy statement issued by the Bank of Japan - January 2025,المتداول العربي,"The Bank of Japan announced on Friday morning a raise in its key interest rate by 25 basis points, bringing it to 0.5%. The key points from the monetary...",24 Jan 2025
Bank of Japan hikes interest rates by 25bp as markets focus on timing of next hike,ING Think,"The BoJ upgraded its inflation outlook to above 2% throughout the forecast period. The BoJ's rate hike itself was already fully priced into the market, so it...",24 Jan 2025
"BOJ decides on additional rate hike, more likely to soon follow",朝日新聞,"The Bank of Japan Policy Board decided to hike a key interest rate at its meeting on Jan. 24, the first such increase since July.",24 Jan 2025
"BOJ may raise rates twice more this year, underpin yen, says ex-FX diplomat Watanabe",Reuters,"The Bank of Japan could raise interest rates twice more this year if inflation stays around current levels, which would help prevent the yen from testing...",18 Feb 2025
Japan braces for BOJ to lift rates sooner and higher,Reuters,"Hawkish comments from the Bank of Japan and sticky inflation are lifting bond yields to multi-year highs and pushing forward rate hike expectations,...",17 Feb 2025
Why Japan remains one of our top calls,J.P. Morgan Private Bank,"Japan currently stands out as our favorite market given its relative macro stability, safety amid global trade uncertainty.",13 Feb 2025
BoJ Eyes Rate Hike As 2025 Unfolds,Finimize,"Japan is gearing up for a possible interest rate hike later in 2025, as the Bank of Japan (BoJ) assesses economic forecasts and wage discussions.",13 Feb 2025
"Japan's wholesale inflation jumps, reinforcing BOJ rate-hike bets",Reuters,The data highlighted persistent price pressures and reinforced market bets of another interest rate hike this year.,12 Feb 2025
"Most economists expect BOJ to hike rates in latter half of 2025, survey shows",Reuters,"Most economists expect the Bank of Japan to raise short-term interest rates again in the latter half of this year, a monthly survey on economists conducted...",12 Feb 2025
BOJ governor says higher food prices in Japan may alter inflation expectations,Reuters,Bank of Japan Governor Kazuo Ueda said on Wednesday the central bank will conduct monetary policy bearing in mind there are risks that food prices may...,11 Feb 2025
Japan's government debt climbs to record ¥1.32 quadrillion,The Japan Times,"The combined balance of Japanese government bonds, borrowings and financing bills swelled by ¥7.2 trillion from the end of September 2024.",10 Feb 2025
Japan’s borrowing costs soar to 14-year high,Financial Times,"Japan's borrowing costs have soared to a 14-year high as rising interest rates, sustained inflation and a potential wave of wage increases this spring fuel a...",8 Feb 2025
Yen Hits 8-week High Anticipating BOJ’s Interest Rate Hike Policy,The Japan News,"The yen strengthened as far as 151.81 per dollar – the strongest level since December 12 — in the Tokyo morning, after the BOJ's Naoki Tamura said the central...",7 Feb 2025
Japan raises interest rates to highest level in 17 years,CNN,"At its two-day meeting concluding on Friday, the BOJ raised its short-term policy rate from 0.25% to 0.5%, a level Japan has not seen in 17 years. It was made...",24 Jan 2025
"Bank of Japan raises interest rates to highest in 17 years, yen jumps",CNA,The Bank of Japan raised interest rates on Friday (Jan 24) to their highest since the 2008 global financial crisis and revised up its inflation forecasts.,24 Jan 2025
Japanese Yen strengthens as interest rate reaches highest level since 2008,FXStreet,"The USD/JPY pair declined to 155.13 on Friday, as the yen gained robust support following the Bank of Japan's (BoJ) decision to raise its interest rate...",24 Jan 2025
"Bank of Japan Hikes Interest Rate to 0.5%, Highest in 17 Years",News Central TV,"Bank of Japan Hikes Interest Rate to 0.5%, Highest in 17 Years ... The Bank of Japan (BoJ) raised its key short-term interest rate by 25 basis points to 0.5% on...",24 Jan 2025
"Bank of Japan raises interest rates to highest in 17 years, yen jumps",Reuters,Japan's central bank raised interest rates to their highest since the 2008 global financial crisis and revised up its inflation forecasts.,24 Jan 2025
"BOJ's Ueda hints at room for more hikes, stays flexible on pace, timing",Nikkei Asia,"TOKYO -- The Bank of Japan decided Friday to implement its third interest rate increase in a year, raising the policy rate by 25 basis points to 0.5%,",24 Jan 2025
Bank of Japan will continue to normalise policy slowly,Financial Times,The Bank of Japan decided to raise interest rates a quarter point at its January meeting to 0.5 per cent. This took monetary policy to its tightest level in...,24 Jan 2025
BoJ Governor Ueda discusses policy outlook after interest rate hike,FXStreet,"Bank of Japan (BoJ) Governor Kazuo Ueda addressed the post-policy meeting press conference on Friday, explaining the reasons behind the 25 basis points...",24 Jan 2025
Bank of Japan raises interest rate to 17-year high,China Daily,"The Bank of Japan (BOJ) on Friday raised its policy interest rate to the highest level in 17 years, marking another step to unwind its long-standing ultra-...",24 Jan 2025
Bank of Japan raises interest rates to highest level in 17 years,Euronews.com,"The Bank of Japan (BOJ) raised its key interest rate to about 0.5% from 0.25% on Friday, noting that inflation is holding at a desirable target level.",24 Jan 2025
"Bank of Japan set to raise rates on Friday, report says",The Japan Times,"The move would mark the central bank's first rate hike since July last year, when it increased rates to 0.25%.",23 Jan 2025
Bank of Japan interest rate decision January 2025 preview,IG,"The Bank of Japan (BoJ) is set to convene its monetary policy meeting on January 23–24, 2025, amid heightened market anticipation of a potential interest rate...",23 Jan 2025
Bank of Japan raises rates to highest in 17 years,BBC,The move comes hours after economic data showed prices rose last month at the fastest pace in 16 months.,23 Jan 2025
Japan Interest Rate Hike - Black Swan Panic Event Incoming?,The Market Oracle ::,Japan facing with a wage price spiral with wages expected to rise by 4.5% during 2025 will raise interest rates by at least 0.25% Friday to 0.5%.,23 Jan 2025
Japan’s biggest banks hit valuation landmark as BoJ weighs rate rise,Financial Times,Japan's biggest banks are nearing a key valuation level for the first time in almost a decade as investors bet that the Bank of Japan will raise interest rates...,23 Jan 2025
Bank of Japan Raises Interest Rates to Highest Level Since 2008,The New York Times,"The Bank of Japan on Friday to raise interest rates by a quarter point, to 0.5 percent, another step in its pivot away from the ultralow rates.",23 Jan 2025
Bitcoin Steady Near $104K After Bank of Japan Delivers Hawkish Rate Hike,CoinDesk,"Risk assets, including BTC, held steady while the Japanese yen rose after the BOJ hiked rates to the highest in 17 years.",23 Jan 2025
USD/JPY: Japanese Yen Drops Ahead of BoJ’s Key Interest Rate Decision,Investing.com,Market Analysis by covering: US Dollar Japanese Yen. Read 's Market Analysis on Investing.com.,23 Jan 2025
BoJ Expected To Hike Interest Rates To 0.5% In 2025,Finimize,"The Bank of Japan (BoJ) is expected to increase interest rates to 0.5% during its meeting on January 23-24, 2025 – the highest level since 2008.",23 Jan 2025
Japan hikes interest rates to highest level in 17 years as core inflation accelerates to 3%,Fortune,"The BoJ said it was increasing its benchmark borrowing rate by 25 points to 0.5%, its highest level since 2008 in the global financial crisis. The move...",23 Jan 2025
"Bank of Japan set to raise rates on Friday, report says",The Japan Times,"The move would mark the central bank's first rate hike since July last year, when it increased rates to 0.25%.",23 Jan 2025
Bank of Japan interest rate decision January 2025 preview,IG,"The Bank of Japan (BoJ) is set to convene its monetary policy meeting on January 23–24, 2025, amid heightened market anticipation of a potential interest rate...",23 Jan 2025
BOJ set to vote for rate hike to 0.5% on Friday,Nikkei Asia,"TOKYO -- The Bank of Japan is set to vote for a rate hike during its meeting scheduled for Friday, Nikkei has learned, taking a step further in its po.",23 Jan 2025
Bank of Japan raises rates to highest in 17 years,BBC,The move comes hours after economic data showed prices rose last month at the fastest pace in 16 months.,23 Jan 2025
Japan Interest Rate Hike - Black Swan Panic Event Incoming?,The Market Oracle ::,Japan facing with a wage price spiral with wages expected to rise by 4.5% during 2025 will raise interest rates by at least 0.25% Friday to 0.5%.,23 Jan 2025
Japan’s biggest banks hit valuation landmark as BoJ weighs rate rise,Financial Times,Japan's biggest banks are nearing a key valuation level for the first time in almost a decade as investors bet that the Bank of Japan will raise interest rates...,23 Jan 2025
Bank of Japan Raises Interest Rates to Highest Level Since 2008,The New York Times,"The Bank of Japan on Friday to raise interest rates by a quarter point, to 0.5 percent, another step in its pivot away from the ultralow rates.",23 Jan 2025
"Hawkish Bank of Japan Signals Will Buoy Yen, Strategists Say",Bloomberg.com,"The yen is primed for further gains after the Bank of Japan sent hawkish signals while raising the benchmark interest rate, according to strategists.",23 Jan 2025
BoJ Expected To Hike Interest Rates To 0.5% In 2025,Finimize,"The Bank of Japan (BoJ) is expected to increase interest rates to 0.5% during its meeting on January 23-24, 2025 – the highest level since 2008.",23 Jan 2025
Japan hikes interest rates to highest level in 17 years as core inflation accelerates to 3%,Fortune,"The BoJ said it was increasing its benchmark borrowing rate by 25 points to 0.5%, its highest level since 2008 in the global financial crisis. The move...",23 Jan 2025
USD/JPY: Yen Stable Against Dollar Near ¥155 Ahead of Bank of Japan Rate Decision,TradingView,Markets are pricing in a 25-basis-point hike in Japan's interest rates on Friday. But it's the Bank of Japan — anything can happen...,21 Jan 2025
BOJ likely to increase key interest rate later this week,Kyodo News Plus,"The Bank of Japan is likely to raise its key short-term interest rate from around 0.25 percent to 0.5 percent at its two-day policy meeting later this week,...",21 Jan 2025
"Bank of Japan is walking a 'very tight rope' as next rate decision draws closer, says strategist","YouTube
 · CNBC International Live","Andrew Jackson, head of Japanese equity strategy at Ortus Advisors, discusses the Bank of Japan's upcoming interest rate decision.",20 Jan 2025
Bank of Japan poised to raise rates to highest in 17 years,The Hindu,"The Bank of Japan is expected to raise interest rates on Friday barring any market shocks when U.S. President-elect Donald Trump takes office,...",20 Jan 2025
Will Bitcoin and Altcoins Crash Following Bank of Japan Rate Hike This week?,CoinGape,"After today's strong recovery, altcoin investors will be watching key weeks this week such as Bank of Japan's interest rate hike decision.",20 Jan 2025
Bank of Japan likely to raise interest rates to 17-year high,Latest news from Azerbaijan,"At the two-day meeting ending on Friday, the BOJ is likely to raise its short-term policy rate to 0.5% unless Trump's inaugural speech and executive orders...",20 Jan 2025
Japan likely to see 'healthy growth' through 2026: World Bank exec,The Japan Times,"In its economic forecast released Thursday, the World Bank predicted Japan's gross domestic product will grow a real 1.2% in 2025 and 0.9% in 2026.",19 Jan 2025
"Bank of Japan Is Set to Raise Interest Rates, Trump Permitting",SWI swissinfo.ch,Bank of Japan Governor Kazuo Ueda will size up the need to raise interest rates on Friday amid heightened expectations of a hike.,19 Jan 2025
7 Q & A: The Bank of Japan's First Interest Rate Decision of the Year,Markets.com,The committee will announce its decision at the end of the review. The Bank of Japan ended years of negative interest rates in March of last year and raised its...,19 Jan 2025
"The Week Ahead: Trump, Bank of Japan rate decision, Netflix results",CMC Markets,"The coming week is light on economic announcements, aside from a Bank of Japan rate meeting on Friday which we preview below.",19 Jan 2025
7 Q & A: The Bank of Japan's First Interest Rate Decision of the Year,Markets.com,The committee will announce its decision at the end of the review. The Bank of Japan ended years of negative interest rates in March of last year and raised its...,19 Jan 2025
IMF expects more Bank of Japan interest rate hikes in 2025 and 2026,CNA,"The Bank of Japan is expected to hike interest rates twice in 2025 and twice more in 2026, International Monetary Fund chief economist Pierre-Olivier...",18 Jan 2025
Bank of Japan leaning toward another hike in interest rates,朝日新聞,"A hike will likely involve the central bank raising the target for the uncollateralized overnight call rate, a rate commercial banks charge on loans to each...",18 Jan 2025
Majority of BOJ board members likely to vote for rate hike next week,Nikkei Asia,TOKYO -- A majority of the Bank of Japan's policy board is likely to favor an additional rate hike at the monetary policy meeting to be held next Thur.,17 Jan 2025
BOJ's hawkish tone seen raising odds of rate hike next week,Nikkei Asia,TOKYO -- Comments from monetary policymakers have raised investor expectations that Japan's central bank will lift interest rates at its upcoming meet.,16 Jan 2025
BOJ official says wage hike signs positive factor for next rate hike,朝日新聞,A Bank of Japan deputy governor hinted that the central bank could raise interest rates at next week's Policy Board meeting amid reports of further pay hikes...,15 Jan 2025
How yen carry trades impact the markets,Finshots,"In today's Finshots, we look at how Japan's rate hikes could disrupt yen carry trades and impact global and Indian markets.",7 Jan 2025
Japan’s Fiscal 2025 Budget Reaches Record High ¥115.5 Trillion,nippon.com,Social security spending and servicing the national debt account for 58% of Japan's record ¥115.5 trillion budget for fiscal 2025.,7 Jan 2025
Record-Breaking Monthly and Yearly Volume in Clearing Service for Interest Rate Swap,日本取引所グループ,"Japan Securities Clearing Corporation (""JSCC"") is pleased to announce that the monthly clearing volume for its interest rate swap transactions (""IRS"")...",6 Jan 2025
"After historic year, the Bank of Japan ambles into 2025",The Japan Times,"Two or three rate increases are expected in 2025 from the Bank of Japan, possibly taking the benchmark to 1% for the first time in three decades.",1 Jan 2025
